INSERT INTO padre (direccion, celular, CI, nombres, ap_paterno, ap_materno) VALUES 
('Av. Bolívar #123', '70123456', 1000001, 'Carlos', 'Mamani', 'Flores'), 
('Calle Sucre #45', '70123457', 1000002, 'José', 'Quispe', 'Laura'), 
('Av. Ballivián #67', '70123458', 1000003, 'Luis', 'Choque', 'Condori'), 
('Calle Junín #10', '70123459', 1000004, 'Mario', 'Huanca', 'Callisaya'), 
('Zona Villa Fátima', '70123460', 1000005, 'Juan', 'Apaza', 'Quenta'), 
('Av. Landaeta #123', '70123461', 1000006, 'Rodolfo', 'Flores', 'Choque'), 
('Calle Illampu #45', '70123462', 1000007, 'David', 'Laura', 'Huanca'), 
('Av. Busch #200', '70123463', 1000008, 'Ernesto', 'Mendoza', 'Mamani'), 
('Zona Miraflores', '70123464', 1000009, 'Hugo', 'Condori', 'Flores'), 
('Av. Perú #300', '70123465', 1000010, 'Pablo', 'Quenta', 'Laura'), 
('Calle Colon #55', '70123466', 1000011, 'Andrés', 'Apaza', 'Mamani'), 
('Av. 6 de Marzo #78', '70123467', 1000012, 'Ricardo', 'Flores', 'Condori'), 
('Zona Villa Adela', '70123468', 1000013, 'Jorge', 'Choque', 'Quispe'), 
('Calle Sagárnaga #32', '70123469', 1000014, 'Germán', 'Huanca', 'Flores'), 
('Av. América #99', '70123470', 1000015, 'Roberto', 'Laura', 'Apaza'), 
('Zona Central', '70123471', 1000016, 'Julio', 'Quispe', 'Condori'), 
('Av. Panamericana #88', '70123472', 1000017, 'Sergio', 'Mamani', 'Choque'), 
('Calle Murillo #77', '70123473', 1000018, 'Miguel', 'Flores', 'Laura'), 
('Av. Arce #45', '70123474', 1000019, 'Nelson', 'Apaza', 'Huanca'), 
('Zona San Pedro', '70123475', 1000020, 'Rafael', 'Condori', 'Quispe'), 
('Av. 16 de Julio #300', '70123476', 1000021, 'Oscar', 'Laura', 'Mamani'), 
('Calle Villarroel #66', '70123477', 1000022, 'Victor', 'Quispe', 'Flores'), 
('Zona Alto Lima', '70123478', 1000023, 'Daniel', 'Mamani', 'Laura'), 
('Av. Camacho #111', '70123479', 1000024, 'Gonzalo', 'Huanca', 'Condori'), 
('Calle Pando #50', '70123480', 1000025, 'Efrain', 'Apaza', 'Choque'), 
('Zona Santiago II', '70123481', 1000026, 'Henry', 'Flores', 'Mamani'), 
('Av. Buenos Aires #44', '70123482', 1000027, 'Wilson', 'Laura', 'Quenta'), 
('Calle Ballivián #99', '70123483', 1000028, 'Fidel', 'Condori', 'Huanca'), 
('Zona Pampahasi', '70123484', 1000029, 'Alex', 'Quispe', 'Flores'), 
('Av. Mariscal #70', '70123485', 1000030, 'Raul', 'Choque', 'Laura'), 
('Calle Jaén #15', '70123486', 1000031, 'Hernán', 'Mamani', 'Huanca'), 
('Zona Villa Copacabana', '70123487', 1000032, 'Oscar', 'Apaza', 'Condori'), 
('Av. Montes #32', '70123488', 1000033, 'Edgar', 'Flores', 'Quenta'), 
('Zona Obrajes', '70123489', 1000034, 'Carlos', 'Laura', 'Mamani'), 
('Av. Naciones Unidas #55', '70123490', 1000035, 'Jhonny', 'Huanca', 'Flores'), 
('Zona Kupini', '70123491', 1000036, 'Rubén', 'Condori', 'Apaza'), 
('Av. Uyustus #99', '70123492', 1000037, 'Arturo', 'Choque', 'Quispe'), 
('Zona Max Paredes', '70123493', 1000038, 'Mauricio', 'Mamani', 'Flores'), 
('Calle Tumusla #22', '70123494', 1000039, 'Gerson', 'Laura', 'Condori'), 
('Zona Villa Esperanza', '70123495', 1000040, 'Iván', 'Huanca', 'Apaza');


INSERT INTO estudiante (rude, grado, id_padre, CI, nombres, ap_paterno, ap_materno) VALUES 
('RUDE001', '1°A', 1, 2000001, 'Ana', 'Mamani', 'Flores'), 
('RUDE002', '3°B', 1, 2000002, 'Luis', 'Mamani', 'Flores'), 
('RUDE003', '2°A', 2, 2000003, 'Carlos', 'Quispe', 'Laura'), 
('RUDE004', '4°B', 2, 2000004, 'María', 'Quispe', 'Laura'), 
('RUDE005', '1°B', 3, 2000005, 'Pedro', 'Choque', 'Condori'), 
('RUDE006', '5°A', 4, 2000006, 'Javier', 'Huanca', 'Callisaya'), 
('RUDE007', '6°B', 4, 2000007, 'Rosa', 'Huanca', 'Callisaya'), 
('RUDE008', '3°A', 5, 2000008, 'Lucía', 'Apaza', 'Quenta'), 
('RUDE009', '2°B', 6, 2000009, 'Martha', 'Flores', 'Choque'), 
('RUDE010', '1°A', 7, 2000010, 'Sandra', 'Laura', 'Huanca'), 
('RUDE011', '2°A', 7, 2000011, 'Diego', 'Laura', 'Huanca'), 
('RUDE012', '5°A', 8, 2000012, 'Pablo', 'Mendoza', 'Mamani'), 
('RUDE013', '4°A', 9, 2000013, 'Carmen', 'Condori', 'Flores'), 
('RUDE014', '6°B', 10, 2000014, 'Elena', 'Quenta', 'Laura'), 
('RUDE015', '2°B', 10, 2000015, 'Felipe', 'Quenta', 'Laura'), 
('RUDE016', '3°A', 11, 2000016, 'Lidia', 'Apaza', 'Mamani'), 
('RUDE017', '1°B', 12, 2000017, 'Hernán', 'Flores', 'Condori'), 
('RUDE018', '4°B', 13, 2000018, 'Jhon', 'Choque', 'Quispe'), 
('RUDE019', '2°A', 13, 2000019, 'Carla', 'Choque', 'Quispe'), 
('RUDE020', '5°A', 14, 2000020, 'Diana', 'Huanca', 'Flores'), 
('RUDE021', '1°A', 15, 2000021, 'Oscar', 'Laura', 'Apaza'), 
('RUDE022', '3°A', 16, 2000022, 'Nadia', 'Quispe', 'Condori'), 
('RUDE023', '5°A', 16, 2000023, 'Raul', 'Quispe', 'Condori'), 
('RUDE024', '6°A', 17, 2000024, 'Tania', 'Mamani', 'Choque'), 
('RUDE025', '4°A', 18, 2000025, 'Brayan', 'Flores', 'Laura'), 
('RUDE026', '2°A', 18, 2000026, 'Esteban', 'Flores', 'Laura'), 
('RUDE027', '3°B', 19, 2000027, 'Adriana', 'Apaza', 'Huanca'), 
('RUDE028', '1°A', 20, 2000028, 'Valeria', 'Condori', 'Quispe'), 
('RUDE029', '5°A', 21, 2000029, 'Kevin', 'Laura', 'Mamani'), 
('RUDE030', '6°A', 21, 2000030, 'Daniel', 'Laura', 'Mamani'), 
('RUDE031', '2°B', 22, 2000031, 'Fernanda', 'Quispe', 'Flores'), 
('RUDE032', '4°A', 23, 2000032, 'Alexis', 'Mamani', 'Laura'), 
('RUDE033', '1°B', 24, 2000033, 'Julieta', 'Huanca', 'Condori'), 
('RUDE034', '6°A', 25, 2000034, 'Matías', 'Apaza', 'Choque'), 
('RUDE035', '3°B', 26, 2000035, 'René', 'Flores', 'Mamani'), 
('RUDE036', '1°A', 27, 2000036, 'Andrea', 'Laura', 'Quenta'), 
('RUDE037', '2°B', 28, 2000037, 'Gabriel', 'Condori', 'Huanca'), 
('RUDE038', '4°A', 29, 2000038, 'Verónica', 'Quispe', 'Flores'), 
('RUDE039', '5°A', 30, 2000039, 'Hugo', 'Choque', 'Laura'), 
('RUDE040', '6°A', 30, 2000040, 'Silvia', 'Choque', 'Laura'), 
('RUDE041', '3°B', 31, 2000041, 'Angela', 'Mamani', 'Huanca'), 
('RUDE042', '2°A', 32, 2000042, 'Rodrigo', 'Apaza', 'Condori'), 
('RUDE043', '5°B', 33, 2000043, 'Tatiana', 'Flores', 'Quenta'), 
('RUDE044', '1°A', 34, 2000044, 'Mauricio', 'Laura', 'Mamani'), 
('RUDE045', '4°A', 35, 2000045, 'Josué', 'Huanca', 'Flores'), 
('RUDE046', '3°B', 36, 2000046, 'Pamela', 'Condori', 'Apaza'), 
('RUDE047', '1°A', 37, 2000047, 'Ernesto', 'Choque', 'Quispe'), 
('RUDE048', '2°A', 38, 2000048, 'Claudia', 'Mamani', 'Flores'), 
('RUDE049', '4°B', 39, 2000049, 'César', 'Laura', 'Condori'), 
('RUDE050', '5°A', 40, 2000050, 'Lucero', 'Huanca', 'Apaza');

INSERT INTO materia (id_materia, nombre_materia, area) VALUES
('MAT-01', 'Matemática Básica', 'Matemáticas'),
('MAT-02', 'Matemáticas', 'Geometría'),
('LEN-01', 'Lengua y Literatura I', 'Lengua y Literatura'),
('LEN-02', 'Lengua y Literatura II', 'Lengua y Literatura'),
('CIE-01', 'Ciencias Naturales I', 'Ciencias Naturales'),
('CIE-02', 'Ciencias Naturales II', 'Ciencias Naturales'),
('HIS-01', 'Historia Universal', 'Ciencias Sociales'),
('CIV-01', 'Educación Cívica', 'Educación Cívica'),
('ING-01', 'Inglés Básico', 'Idiomas Extranjeros'),
('ING-02', 'Inglés Avanzado', 'Idiomas Extranjeros'),
('EDU-01', 'Educación Física', 'Educación Física'),
('MUS-01', 'Música I', 'Arte y Cultura'),
('ART-01', 'Artes Plásticas', 'Arte y Cultura'),
('COM-01', 'Comunicación Integral', 'Comunicación'),
('INF-01', 'Informática Básica', 'Tecnología e Informática'),
('REL-01', 'Religión', 'Valores y Ética'),
('VAL-01', 'Valores y Convivencia', 'Valores y Ética'),
('FIS-01', 'Física I', 'Ciencias Naturales'),
('QUI-01', 'Química General', 'Ciencias Naturales'),
('BIO-01', 'Biología', 'Ciencias Naturales'),
('GEO-01', 'Geografía Física', 'Ciencias Sociales'),
('ALG-01', 'Álgebra Lineal', 'Matemáticas'),
('ARI-01', 'Aritmética Avanzada', 'Matemáticas'),
('EST-01', 'Estadística', 'Matemáticas'),
('SOC-01', 'Sociología', 'Ciencias Sociales'),
('ORI-01', 'Orientación Vocacional', 'Orientación Vocacional'),
('ROB-01', 'Robótica Básica', 'Tecnología e Informática'),
('ART-02', 'Artes Escénicas', 'Arte y Cultura'),
('MUS-02', 'Música II', 'Arte y Cultura'),
('PRO-01', 'Programación Básica', 'Tecnología e Informática');


INSERT INTO estudiante_materia (id_estudiante, id_materia) VALUES
(1,'CIE-01'),
(1,'ORI-01'),
(1,'ED.-01'),
(2,'ART-01'),
(2,'ORI-01'),
(2,'HIS-01'),
(3,'ING-02'),
(3,'REL-01'),
(3,'ED.-01'),
(4,'ING-01'),
(4,'ALG-01'),
(4,'MAT-01'),
(5,'MUS-01'),
(5,'COM-01'),
(5,'ART-01'),
(6,'ART-01'),
(6,'ART-02'),
(6,'LEN-02'),
(7,'CIE-02'),
(7,'PRO-01'),
(7,'ED.-01'),
(8,'ING-01'),
(8,'HIS-01'),
(8,'MUS-02'),
(9,'COM-01'),
(9,'REL-01'),
(9,'GEO-01'),
(10,'ARI-01'),
(10,'ALG-01'),
(10,'CIE-02'),
(11,'CIE-01'),
(11,'SOC-01'),
(11,'INF-01'),
(12,'FIS-01'),
(12,'ED.-01'),
(12,'ALG-01'),
(13,'INF-01'),
(13,'ED.-01'),
(13,'MUS-01'),
(14,'HIS-01'),
(14,'MAT-01'),
(14,'CIE-01'),
(15,'LEN-02'),
(15,'MUS-01'),
(15,'ALG-01'),
(16,'CIE-02'),
(16,'MAT-01'),
(16,'FIS-01'),
(17,'ING-01'),
(17,'SOC-01'),
(17,'MAT-02'),
(18,'ING-01'),
(18,'COM-01'),
(18,'VAL-01'),
(19,'CIV-01'),
(19,'MAT-01'),
(19,'EST-01'),
(20,'INF-01'),
(20,'EST-01'),
(20,'GEO-01'),
(21,'ING-02'),
(21,'REL-01'),
(21,'ART-02'),
(22,'ART-02'),
(22,'MUS-02'),
(22,'ARI-01'),
(23,'COM-01'),
(23,'ING-01'),
(23,'ROB-01'),
(24,'ARI-01'),
(24,'ING-02'),
(24,'CIE-02'),
(25,'REL-01'),
(25,'ARI-01'),
(25,'MUS-01'),
(26,'CIE-01'),
(26,'ART-02'),
(26,'MAT-01'),
(27,'ROB-01'),
(27,'HIS-01'),
(27,'ART-01'),
(28,'MUS-01'),
(28,'ING-01'),
(28,'CIE-02'),
(29,'ROB-01'),
(29,'ED.-01'),
(29,'MAT-01'),
(30,'FIS-01'),
(30,'MAT-02'),
(30,'GEO-01'),
(31,'QUI-01'),
(31,'EST-01'),
(31,'LEN-02'),
(32,'ED.-01'),
(32,'REL-01'),
(32,'MAT-02'),
(33,'CIE-01'),
(33,'CIE-02'),
(33,'CIV-01'),
(34,'SOC-01'),
(34,'FIS-01'),
(34,'PRO-01'),
(35,'FIS-01'),
(35,'ING-02'),
(35,'MUS-01'),
(36,'PRO-01'),
(36,'LEN-02'),
(36,'CIE-02'),
(37,'VAL-01'),
(37,'BIO-01'),
(37,'EST-01'),
(38,'CIV-01'),
(38,'MAT-02'),
(38,'REL-01'),
(39,'GEO-01'),
(39,'SOC-01'),
(39,'COM-01'),
(40,'SOC-01'),
(40,'ALG-01'),
(40,'QUI-01');

INSERT INTO docente (telefono_docente, fecha_ingreso, sueldo, id_materia, CI, nombres, ap_paterno, ap_materno) VALUES
('70714404','2017-01-13',3800,'MAT-01',3000000,'Patricia','Apaza','Callisaya'),
('70340760','2018-01-23',3700,'MAT-02',3000001,'Pablo','Choque','Condori'),
('70168635','2021-01-03',3600,'LEN-01',3000002,'Pablo','Callisaya','Flores'),
('70526808','2020-02-21',4500,'LEN-02',3000003,'Julio','Huanca','Huanca'),
('70926626','2016-07-26',3900,'CIE-01',3000004,'Kevin','Flores','Quenta'),
('70877498','2018-08-24',4500,'CIE-02',3000005,'Rodrigo','Condori','Quenta'),
('70314836','2018-07-14',4500,'HIS-01',3000006,'Daniela','Callisaya','Laura'),
('70822773','2020-10-08',3800,'CIV-01',3000007,'Rosa','Laura','Choque'),
('70560018','2019-10-24',4000,'ING-01',3000008,'Adriana','Condori','Choque'),
('70749219','2015-08-02',4500,'ING-02',3000009,'Elena','Callisaya','Choque'),
('70744731','2017-04-03',3500,'ED.-01',3000010,'María','Huanca','Condori'),
('70225052','2020-01-07',3900,'MUS-01',3000011,'Tatiana','Condori','Flores'),
('70153614','2018-10-25',4000,'ART-01',3000012,'Oscar','Quenta','Laura'),
('70266274','2016-05-23',4500,'COM-01',3000013,'Tatiana','Choque','Mamani'),
('70127379','2022-02-05',3600,'INF-01',3000014,'David','Mamani','Laura'),
('70333318','2017-09-03',3700,'REL-01',3000015,'Julio','Quenta','Laura'),
('70173699','2020-10-18',4500,'VAL-01',3000016,'Miguel','Callisaya','Quispe'),
('70525898','2020-11-20',3500,'FIS-01',3000017,'Adriana','Condori','Quenta'),
('70802542','2019-11-28',3800,'QUI-01',3000018,'Elena','Condori','Quispe'),
('70290249','2019-07-20',4000,'BIO-01',3000019,'Ana','Flores','Callisaya'),
('70617531','2022-01-15',3600,'GEO-01',3000020,'Sandra','Huanca','Huanca'),
('70555589','2022-02-07',3700,'ALG-01',3000021,'Pablo','Choque','Choque'),
('70479898','2015-06-06',3700,'ARI-01',3000022,'José','Apaza','Apaza'),
('70460779','2022-10-07',3500,'EST-01',3000023,'Luis','Laura','Choque'),
('70480859','2022-06-07',4200,'SOC-01',3000024,'Adriana','Choque','Flores'),
('70855922','2020-12-19',3700,'ORI-01',3000025,'Adriana','Callisaya','Huanca'),
('70580197','2016-03-21',3500,'ROB-01',3000026,'Patricia','Quenta','Flores'),
('70652639','2018-12-24',3700,'ART-02',3000027,'Lucía','Huanca','Condori'),
('70300400','2018-08-28',4000,'MUS-02',3000028,'Rodrigo','Condori','Mamani'),
('70594334','2019-04-22',3800,'PRO-01',3000029,'Sandra','Mamani','Callisaya');

INSERT INTO aula (capacidad, estado) VALUES
('20','Libre'),
('35','Libre'),
('30','Ocupado'),
('25','Ocupado'),
('30','Ocupado'),
('30','Libre'),
('30','Libre'),
('25','Libre'),
('35','Libre'),
('20','Ocupado'),
('35','Libre'),
('30','Libre'),
('25','Libre'),
('35','Libre'),
('30','Libre');

INSERT INTO horario (turno, id_aula) VALUES
('Tarde',1),
('Mañana',2),
('Mañana',3),
('Tarde',4),
('Tarde',5),
('Mañana',6),
('Mañana',7),
('Tarde',8),
('Tarde',9),
('Mañana',10),
('Tarde',11),
('Mañana',12),
('Tarde',13),
('Tarde',14),
('Tarde',15);

INSERT INTO materia_aula (id_materia, id_aula) VALUES
('MAT-01',9),
('MAT-02',7),
('LEN-01',8),
('LEN-02',3),
('CIE-01',3),
('CIE-02',14),
('HIS-01',5),
('CIV-01',12),
('ING-01',11),
('ING-02',11),
('ED.-01',10),
('MUS-01',13),
('ART-01',8),
('COM-01',6),
('INF-01',7),
('REL-01',3),
('VAL-01',15),
('FIS-01',11),
('QUI-01',14),
('BIO-01',8),
('GEO-01',2),
('ALG-01',7),
('ARI-01',2),
('EST-01',12),
('SOC-01',4),
('ORI-01',13),
('ROB-01',7),
('ART-02',4),
('MUS-02',15),
('PRO-01',11);